,TYPE,strikePrice,expiryDate,underlying,identifier,openInterest,changeinOpenInterest,pchangeinOpenInterest,totalTradedVolume,impliedVolatility,lastPrice,change,pChange,totalBuyQuantity,totalSellQuantity,bidQty,bidprice,askQty,askPrice,underlyingValue
0,CE,33500,20-Apr-2023,BANKNIFTY,OPTIDXBANKNIFTY20-04-2023CE33500.00,0,0,0.0,0,0.0,0.0,0.0,0.0,3025,3025,750,8493.95,750,8746.45,42132.55
0,PE,33500,20-Apr-2023,BANKNIFTY,OPTIDXBANKNIFTY20-04-2023PE33500.00,3346,3323,14447.826086956522,4309,58.28,1.95,-0.55,-22.000000000000004,139225,26900,7600,1.8,2500,1.85,42132.55
0,CE,34000,20-Apr-2023,BANKNIFTY,OPTIDXBANKNIFTY20-04-2023CE34000.00,0,0,0.0,0,0.0,0.0,0.0,0.0,3025,3025,750,7998.15,750,8246.65,42132.55
0,PE,34000,20-Apr-2023,BANKNIFTY,OPTIDXBANKNIFTY20-04-2023PE34000.00,2076,2019,3542.1052631578946,3067,55.11,1.8,-0.8499999999999999,-32.075471698113205,108325,26425,850,1.85,100,1.9,42132.55
0,CE,34500,20-Apr-2023,BANKNIFTY,OPTIDXBANKNIFTY20-04-2023CE34500.00,0,0,0.0,0,0.0,0.0,0.0,0.0,3025,3025,750,7509.05,750,7747.55,42132.55
0,PE,34500,20-Apr-2023,BANKNIFTY,OPTIDXBANKNIFTY20-04-2023PE34500.00,25,25,0.0,147,52.64,2.35,-44.55,-94.98933901918977,86950,425,100,2.3,225,2.45,42132.55
0,CE,35000,20-Apr-2023,BANKNIFTY,OPTIDXBANKNIFTY20-04-2023CE35000.00,0,0,0.0,0,0.0,0.0,0.0,0.0,2125,1350,750,6801.6,750,7299.15,42132.55
0,PE,35000,20-Apr-2023,BANKNIFTY,OPTIDXBANKNIFTY20-04-2023PE35000.00,2506,2428,3112.8205128205127,4450,49.61,2.5,-0.3999999999999999,-13.79310344827586,84475,14875,900,2.5,100,2.55,42132.55
0,CE,35500,20-Apr-2023,BANKNIFTY,OPTIDXBANKNIFTY20-04-2023CE35500.00,0,0,0.0,0,0.0,0.0,0.0,0.0,3025,2275,750,6509.6,750,6746.75,42132.55
0,PE,35500,20-Apr-2023,BANKNIFTY,OPTIDXBANKNIFTY20-04-2023PE35500.00,204,15,7.936507936507937,139,46.09,2.5,-0.8999999999999999,-26.47058823529412,67475,75,1050,2.45,75,2.95,42132.55
0,CE,36000,20-Apr-2023,BANKNIFTY,OPTIDXBANKNIFTY20-04-2023CE36000.00,1,1,0.0,1,0.0,5630.0,2076.85,58.450951972193685,3300,3300,400,6080.3,400,6223.85,42132.55
0,PE,36000,20-Apr-2023,BANKNIFTY,OPTIDXBANKNIFTY20-04-2023PE36000.00,6024,5313,747.2573839662447,15369,43.89,3.45,-1.6499999999999995,-32.35294117647058,38850,23475,1125,3.2,350,3.3,42132.55
0,CE,36500,20-Apr-2023,BANKNIFTY,OPTIDXBANKNIFTY20-04-2023CE36500.00,0,0,0.0,0,0.0,0.0,0.0,0.0,2125,500,750,5341.85,500,5869.35,42132.55
0,PE,36500,20-Apr-2023,BANKNIFTY,OPTIDXBANKNIFTY20-04-2023PE36500.00,36,36,0.0,36,40.17,3.05,-236.7,-98.72784150156413,52975,0,4575,3.05,0,0.0,42132.55
0,CE,36900,20-Apr-2023,BANKNIFTY,OPTIDXBANKNIFTY20-04-2023CE36900.00,0,0,0.0,0,0.0,0.0,0.0,0.0,3025,2150,750,5113.15,750,5351.45,42132.55
0,PE,36900,20-Apr-2023,BANKNIFTY,OPTIDXBANKNIFTY20-04-2023PE36900.00,42,36,600.0,197,36.27,3.65,0.44999999999999973,14.062499999999991,26325,1400,50,3.65,50,4.75,42132.55
0,CE,37000,20-Apr-2023,BANKNIFTY,OPTIDXBANKNIFTY20-04-2023CE37000.00,12,12,0.0,12,0.0,5100.0,2372.2,86.96385365496003,3850,3825,125,5125.85,100,5199.55,42132.55
0,PE,37000,20-Apr-2023,BANKNIFTY,OPTIDXBANKNIFTY20-04-2023PE37000.00,16043,13918,654.964705882353,43728,38.41,4.5,-1.0499999999999998,-18.918918918918916,44750,50225,7800,4.5,2075,4.55,42132.55
0,CE,37100,20-Apr-2023,BANKNIFTY,OPTIDXBANKNIFTY20-04-2023CE37100.00,0,0,0.0,0,0.0,0.0,0.0,0.0,2125,1250,750,4771.05,750,5394.35,42132.55
0,PE,37100,20-Apr-2023,BANKNIFTY,OPTIDXBANKNIFTY20-04-2023PE37100.00,0,0,0.0,0,0.0,0.0,0.0,0.0,27550,0,2700,2.1,0,0.0,42132.55
0,CE,37200,20-Apr-2023,BANKNIFTY,OPTIDXBANKNIFTY20-04-2023CE37200.00,0,0,0.0,0,0.0,0.0,0.0,0.0,2125,1250,750,4674.4,750,5101.1,42132.55
0,PE,37200,20-Apr-2023,BANKNIFTY,OPTIDXBANKNIFTY20-04-2023PE37200.00,11,0,0.0,0,0.0,4.65,0.0,0.0,20150,0,1800,2.2,0,0.0,42132.55
0,CE,37300,20-Apr-2023,BANKNIFTY,OPTIDXBANKNIFTY20-04-2023CE37300.00,0,0,0.0,0,0.0,0.0,0.0,0.0,3025,2150,750,4727.25,750,4953.05,42132.55
0,PE,37300,20-Apr-2023,BANKNIFTY,OPTIDXBANKNIFTY20-04-2023PE37300.00,153,145,1812.5,659,36.5,4.7,2.0,74.07407407407408,16450,425,200,4.65,425,5.25,42132.55
0,CE,37400,20-Apr-2023,BANKNIFTY,OPTIDXBANKNIFTY20-04-2023CE37400.00,0,0,0.0,0,0.0,0.0,0.0,0.0,3025,2300,750,4628.35,750,4849.9,42132.55
0,PE,37400,20-Apr-2023,BANKNIFTY,OPTIDXBANKNIFTY20-04-2023PE37400.00,1061,1010,1980.3921568627452,3739,36.14,5.1,-0.75,-12.820512820512823,23125,1375,50,4.45,175,5.3,42132.55
0,CE,37500,20-Apr-2023,BANKNIFTY,OPTIDXBANKNIFTY20-04-2023CE37500.00,0,0,0.0,0,0.0,0.0,0.0,0.0,3950,2875,750,4538.25,125,4694.3,42132.55
0,PE,37500,20-Apr-2023,BANKNIFTY,OPTIDXBANKNIFTY20-04-2023PE37500.00,17912,16435,1112.7285037237643,63429,35.13,4.4,-1.8499999999999996,-29.599999999999994,38350,12625,25,4.75,150,4.8,42132.55
0,CE,37600,20-Apr-2023,BANKNIFTY,OPTIDXBANKNIFTY20-04-2023CE37600.00,0,0,0.0,0,0.0,0.0,0.0,0.0,3025,2350,750,4430.45,775,4637.25,42132.55
0,PE,37600,20-Apr-2023,BANKNIFTY,OPTIDXBANKNIFTY20-04-2023PE37600.00,3663,3619,8225.0,10714,34.93,5.35,-0.9000000000000004,-14.400000000000004,25375,1400,50,5.35,250,5.4,42132.55
0,CE,37700,20-Apr-2023,BANKNIFTY,OPTIDXBANKNIFTY20-04-2023CE37700.00,0,0,0.0,0,0.0,0.0,0.0,0.0,3025,2350,750,4331.1,775,4545.85,42132.55
0,PE,37700,20-Apr-2023,BANKNIFTY,OPTIDXBANKNIFTY20-04-2023PE37700.00,3331,3210,2652.8925619834713,10586,34.34,5.6,-0.9000000000000004,-13.846153846153852,30675,900,900,5.5,50,6.15,42132.55
0,CE,37800,20-Apr-2023,BANKNIFTY,OPTIDXBANKNIFTY20-04-2023CE37800.00,0,0,0.0,0,0.0,0.0,0.0,0.0,3025,2375,750,4232.25,775,4437.4,42132.55
0,PE,37800,20-Apr-2023,BANKNIFTY,OPTIDXBANKNIFTY20-04-2023PE37800.00,3692,3643,7434.693877551021,11471,33.85,5.55,-1.2000000000000002,-17.777777777777782,20625,325,250,5.55,25,5.7,42132.55
0,CE,37900,20-Apr-2023,BANKNIFTY,OPTIDXBANKNIFTY20-04-2023CE37900.00,0,0,0.0,0,0.0,0.0,0.0,0.0,3025,2375,750,4133.0,775,4337.5,42132.55
0,PE,37900,20-Apr-2023,BANKNIFTY,OPTIDXBANKNIFTY20-04-2023PE37900.00,4390,4336,8029.62962962963,14602,33.27,5.85,-1.0500000000000007,-15.217391304347835,10875,1850,25,5.9,50,6.0,42132.55
0,CE,38000,20-Apr-2023,BANKNIFTY,OPTIDXBANKNIFTY20-04-2023CE38000.00,94,93,9300.0,175,0.0,4150.0,784.0,23.291740938799762,4150,4225,1125,4133.6,25,4192.05,42132.55
0,PE,38000,20-Apr-2023,BANKNIFTY,OPTIDXBANKNIFTY20-04-2023PE38000.00,33420,28939,645.8156661459495,111086,32.02,5.25,-2.0,-27.586206896551722,146450,18025,550,5.25,350,5.3,42132.55
0,CE,38100,20-Apr-2023,BANKNIFTY,OPTIDXBANKNIFTY20-04-2023CE38100.00,0,0,0.0,0,0.0,0.0,0.0,0.0,3025,2375,750,3934.9,775,4131.0,42132.55
0,PE,38100,20-Apr-2023,BANKNIFTY,OPTIDXBANKNIFTY20-04-2023PE38100.00,2518,2426,2636.9565217391305,10755,31.77,5.6,-1.9000000000000004,-25.333333333333336,14250,1525,25,5.9,25,6.0,42132.55
0,CE,38200,20-Apr-2023,BANKNIFTY,OPTIDXBANKNIFTY20-04-2023CE38200.00,0,0,0.0,0,0.0,0.0,0.0,0.0,3025,1600,750,3835.55,900,4064.15,42132.55
0,PE,38200,20-Apr-2023,BANKNIFTY,OPTIDXBANKNIFTY20-04-2023PE38200.00,4710,4596,4031.5789473684213,17236,31.02,5.7,-2.2,-27.848101265822784,15725,2825,100,5.7,25,5.85,42132.55
0,CE,38300,20-Apr-2023,BANKNIFTY,OPTIDXBANKNIFTY20-04-2023CE38300.00,0,0,0.0,0,0.0,0.0,0.0,0.0,3025,2400,1250,3684.8,775,3944.05,42132.55
0,PE,38300,20-Apr-2023,BANKNIFTY,OPTIDXBANKNIFTY20-04-2023PE38300.00,4219,4128,4536.263736263736,16117,30.31,5.85,-2.1000000000000005,-26.415094339622648,26925,2500,900,5.15,200,6.05,42132.55
0,CE,38400,20-Apr-2023,BANKNIFTY,OPTIDXBANKNIFTY20-04-2023CE38400.00,0,0,0.0,0,0.0,0.0,0.0,0.0,3025,1625,750,3637.05,900,3857.6,42132.55
0,PE,38400,20-Apr-2023,BANKNIFTY,OPTIDXBANKNIFTY20-04-2023PE38400.00,4761,4633,3619.53125,18907,29.53,5.85,-2.5,-29.940119760479046,36350,3350,50,5.5,50,5.8,42132.55
0,CE,38500,20-Apr-2023,BANKNIFTY,OPTIDXBANKNIFTY20-04-2023CE38500.00,24,19,380.0,27,0.0,3624.5,592.0500000000002,19.523817375389545,2300,3200,25,3650.0,150,3676.25,42132.55
0,PE,38500,20-Apr-2023,BANKNIFTY,OPTIDXBANKNIFTY20-04-2023PE38500.00,23187,17205,287.6128385155466,96897,28.78,5.7,-2.8,-32.94117647058823,67900,27500,50,5.65,1200,5.7,42132.55
0,CE,38600,20-Apr-2023,BANKNIFTY,OPTIDXBANKNIFTY20-04-2023CE38600.00,0,0,0.0,0,0.0,0.0,0.0,0.0,3025,2150,750,3438.95,750,3658.0,42132.55
0,PE,38600,20-Apr-2023,BANKNIFTY,OPTIDXBANKNIFTY20-04-2023PE38600.00,1523,1462,2396.72131147541,9581,29.85,9.0,0.40000000000000036,4.651162790697678,39850,2875,3000,6.1,900,8.85,42132.55
0,CE,38700,20-Apr-2023,BANKNIFTY,OPTIDXBANKNIFTY20-04-2023CE38700.00,0,0,0.0,0,0.0,0.0,0.0,0.0,3025,2175,750,3339.85,775,3537.85,42132.55
0,PE,38700,20-Apr-2023,BANKNIFTY,OPTIDXBANKNIFTY20-04-2023PE38700.00,1571,1488,1792.7710843373493,11549,27.51,6.0,-2.9000000000000004,-32.58426966292135,43150,7700,50,5.8,25,6.0,42132.55
0,CE,38800,20-Apr-2023,BANKNIFTY,OPTIDXBANKNIFTY20-04-2023CE38800.00,8,8,0.0,8,0.0,3216.05,1703.0500000000002,112.56113681427628,3200,3050,25,3308.1,775,3444.55,42132.55
0,PE,38800,20-Apr-2023,BANKNIFTY,OPTIDXBANKNIFTY20-04-2023PE38800.00,901,746,481.2903225806452,7521,27.08,6.45,-2.95,-31.382978723404253,48475,2425,75,6.45,25,6.55,42132.55
0,CE,38900,20-Apr-2023,BANKNIFTY,OPTIDXBANKNIFTY20-04-2023CE38900.00,5,1,25.0,1,0.0,3250.0,1400.0,75.67567567567568,2300,3025,900,3159.35,750,3357.55,42132.55
0,PE,38900,20-Apr-2023,BANKNIFTY,OPTIDXBANKNIFTY20-04-2023PE38900.00,1850,831,81.5505397448479,13407,26.58,6.85,-2.8000000000000007,-29.015544041450784,48050,3650,200,6.4,500,8.0,42132.55
0,CE,39000,20-Apr-2023,BANKNIFTY,OPTIDXBANKNIFTY20-04-2023CE39000.00,309,235,317.56756756756755,304,0.0,3149.0,559.0,21.583011583011583,3025,3725,100,3147.05,125,3158.05,42132.55
0,PE,39000,20-Apr-2023,BANKNIFTY,OPTIDXBANKNIFTY20-04-2023PE39000.00,38342,26031,211.4450491430428,145056,25.93,7.0,-3.0500000000000007,-30.348258706467668,79375,18275,50,6.9,675,7.15,42132.55
0,CE,39100,20-Apr-2023,BANKNIFTY,OPTIDXBANKNIFTY20-04-2023CE39100.00,14,0,0.0,0,0.0,1260.55,0.0,0.0,3575,1975,750,2944.35,25,3092.45,42132.55
0,PE,39100,20-Apr-2023,BANKNIFTY,OPTIDXBANKNIFTY20-04-2023PE39100.00,1583,869,121.70868347338936,12069,25.27,7.3,-3.500000000000001,-32.40740740740741,54625,3575,25,7.1,100,7.15,42132.55
0,CE,39200,20-Apr-2023,BANKNIFTY,OPTIDXBANKNIFTY20-04-2023CE39200.00,43,1,2.380952380952381,9,0.0,2734.65,404.6500000000001,17.366952789699575,2850,2850,25,2916.65,25,2992.45,42132.55
0,PE,39200,20-Apr-2023,BANKNIFTY,OPTIDXBANKNIFTY20-04-2023PE39200.00,4040,3393,524.4204018547141,24768,24.63,7.45,-4.1499999999999995,-35.775862068965516,52450,4550,125,7.25,25,7.35,42132.55
0,CE,39300,20-Apr-2023,BANKNIFTY,OPTIDXBANKNIFTY20-04-2023CE39300.00,17,1,6.25,11,0.0,2770.0,686.1500000000001,32.92703409554431,2950,2875,25,2821.4,25,2892.75,42132.55
0,PE,39300,20-Apr-2023,BANKNIFTY,OPTIDXBANKNIFTY20-04-2023PE39300.00,1888,648,52.25806451612903,14972,24.19,7.95,-4.05,-33.75,41275,4625,150,7.8,50,7.95,42132.55
0,CE,39400,20-Apr-2023,BANKNIFTY,OPTIDXBANKNIFTY20-04-2023CE39400.00,28,14,100.0,24,0.0,2721.7,781.6999999999998,40.293814432989684,2875,2925,225,2746.45,100,2791.7,42132.55
0,PE,39400,20-Apr-2023,BANKNIFTY,OPTIDXBANKNIFTY20-04-2023PE39400.00,1877,1390,285.42094455852157,13954,23.68,8.6,-3.700000000000001,-30.081300813008138,43525,4275,25,8.5,125,8.55,42132.55
0,CE,39500,20-Apr-2023,BANKNIFTY,OPTIDXBANKNIFTY20-04-2023CE39500.00,1649,631,61.984282907662084,803,0.0,2657.05,584.1500000000001,28.180327078006663,3400,3675,75,2650.3,75,2658.0,42132.55
0,PE,39500,20-Apr-2023,BANKNIFTY,OPTIDXBANKNIFTY20-04-2023PE39500.00,28710,19225,202.68845545598313,147250,23.07,8.55,-5.049999999999999,-37.132352941176464,69250,13850,1000,8.85,950,8.9,42132.55
0,CE,39600,20-Apr-2023,BANKNIFTY,OPTIDXBANKNIFTY20-04-2023CE39600.00,28,-3,-9.67741935483871,27,0.0,2530.8,580.8000000000002,29.784615384615392,4200,3025,650,2531.0,150,2584.4,42132.55
0,PE,39600,20-Apr-2023,BANKNIFTY,OPTIDXBANKNIFTY20-04-2023PE39600.00,4187,3488,498.9985693848355,19814,22.62,10.15,-4.35,-30.0,54100,4025,50,9.7,175,9.8,42132.55
0,CE,39700,20-Apr-2023,BANKNIFTY,OPTIDXBANKNIFTY20-04-2023CE39700.00,58,20,52.63157894736842,39,0.0,2422.15,764.8500000000001,46.150365051589944,3700,3750,75,2450.7,150,2469.8,42132.55
0,PE,39700,20-Apr-2023,BANKNIFTY,OPTIDXBANKNIFTY20-04-2023PE39700.00,3249,1633,101.0519801980198,22681,21.93,9.95,-6.150000000000002,-38.198757763975166,66900,9350,150,9.9,500,11.45,42132.55
0,CE,39800,20-Apr-2023,BANKNIFTY,OPTIDXBANKNIFTY20-04-2023CE39800.00,36,5,16.129032258064516,34,0.0,2340.0,628.05,36.68623499518093,3550,3900,75,2338.75,75,2385.4,42132.55
0,PE,39800,20-Apr-2023,BANKNIFTY,OPTIDXBANKNIFTY20-04-2023PE39800.00,5832,1045,21.829956131188634,44271,21.47,10.9,-6.549999999999999,-37.53581661891117,57725,10425,275,10.9,50,10.95,42132.55
0,CE,39900,20-Apr-2023,BANKNIFTY,OPTIDXBANKNIFTY20-04-2023CE39900.00,46,17,58.62068965517241,66,0.0,2239.65,555.1500000000001,32.95636687444346,21825,3975,25,2256.0,175,2285.4,42132.55
0,PE,39900,20-Apr-2023,BANKNIFTY,OPTIDXBANKNIFTY20-04-2023PE39900.00,4638,-2904,-38.50437549721559,49348,20.96,12.4,-7.700000000000001,-38.30845771144279,57225,5400,25,11.05,250,12.55,42132.55
0,CE,40000,20-Apr-2023,BANKNIFTY,OPTIDXBANKNIFTY20-04-2023CE40000.00,2848,1320,86.38743455497382,4736,0.0,2165.1,569.55,35.69615493090157,27200,5475,100,2160.3,25,2165.8,42132.55
0,PE,40000,20-Apr-2023,BANKNIFTY,OPTIDXBANKNIFTY20-04-2023PE40000.00,54757,34056,164.51379160427032,272948,20.33,12.05,-11.149999999999999,-48.060344827586206,98175,37825,100,12.3,100,12.4,42132.55
0,CE,40100,20-Apr-2023,BANKNIFTY,OPTIDXBANKNIFTY20-04-2023CE40100.00,79,-1,-1.25,82,0.0,2072.2,622.1999999999998,42.910344827586194,24075,4150,50,2058.3,125,2071.75,42132.55
0,PE,40100,20-Apr-2023,BANKNIFTY,OPTIDXBANKNIFTY20-04-2023PE40100.00,5762,-2156,-27.22909825713564,84442,19.62,19.5,-6.600000000000001,-25.287356321839084,76325,5000,25,12.6,500,14.45,42132.55
0,CE,40200,20-Apr-2023,BANKNIFTY,OPTIDXBANKNIFTY20-04-2023CE40200.00,669,386,136.3957597173145,529,0.0,1964.95,556.7,39.531333214983135,5850,6750,175,1959.35,225,1965.55,42132.55
0,PE,40200,20-Apr-2023,BANKNIFTY,OPTIDXBANKNIFTY20-04-2023PE40200.00,9436,261,2.844686648501362,102467,19.07,13.75,-16.45,-54.47019867549668,87775,14300,575,13.65,475,13.75,42132.55
0,CE,40300,20-Apr-2023,BANKNIFTY,OPTIDXBANKNIFTY20-04-2023CE40300.00,416,149,55.80524344569288,378,0.0,1871.5,587.0,45.69871545348384,3375,2975,25,1858.35,400,1879.1,42132.55
0,PE,40300,20-Apr-2023,BANKNIFTY,OPTIDXBANKNIFTY20-04-2023PE40300.00,16523,8374,102.76107497852497,112297,18.49,14.6,-21.15,-59.16083916083915,83350,10700,300,14.5,575,15.05,42132.55
0,CE,40400,20-Apr-2023,BANKNIFTY,OPTIDXBANKNIFTY20-04-2023CE40400.00,303,204,206.06060606060606,413,0.0,1760.0,574.0,48.397976391231026,5050,3575,25,1763.65,125,1775.8,42132.55
0,PE,40400,20-Apr-2023,BANKNIFTY,OPTIDXBANKNIFTY20-04-2023PE40400.00,7440,4900,192.91338582677164,85132,18.02,17.1,-25.0,-59.38242280285036,116275,9500,325,16.3,475,16.8,42132.55
0,CE,40500,20-Apr-2023,BANKNIFTY,OPTIDXBANKNIFTY20-04-2023CE40500.00,13635,11453,524.8854262144821,15341,0.0,1669.05,552.55,49.48947604120018,13700,8550,100,1666.45,125,1670.0,42132.55
0,PE,40500,20-Apr-2023,BANKNIFTY,OPTIDXBANKNIFTY20-04-2023PE40500.00,51642,28256,120.82442486958008,283419,17.58,18.15,-31.450000000000003,-63.407258064516135,110550,40225,5750,18.3,100,18.4,42132.55
0,CE,40600,20-Apr-2023,BANKNIFTY,OPTIDXBANKNIFTY20-04-2023CE40600.00,643,321,99.68944099378882,695,0.0,1567.85,537.3,52.13720828683712,4425,2900,700,1561.5,25,1581.0,42132.55
0,PE,40600,20-Apr-2023,BANKNIFTY,OPTIDXBANKNIFTY20-04-2023PE40600.00,14882,9123,158.4129189095329,102798,17.01,20.5,-38.1,-65.01706484641639,65025,12625,25,19.75,100,19.9,42132.55
0,CE,40700,20-Apr-2023,BANKNIFTY,OPTIDXBANKNIFTY20-04-2023CE40700.00,495,30,6.451612903225806,807,0.0,1474.0,530.5,56.226815050344456,4475,3800,125,1469.95,25,1474.0,42132.55
0,PE,40700,20-Apr-2023,BANKNIFTY,OPTIDXBANKNIFTY20-04-2023PE40700.00,11647,5262,82.41190289741581,99952,16.55,22.2,-46.55,-67.7090909090909,55375,19950,50,22.25,275,22.4,42132.55
0,CE,40800,20-Apr-2023,BANKNIFTY,OPTIDXBANKNIFTY20-04-2023CE40800.00,731,-72,-8.966376089663761,2074,0.0,1378.95,528.85,62.21032819668274,7425,4250,25,1372.75,200,1378.95,42132.55
0,PE,40800,20-Apr-2023,BANKNIFTY,OPTIDXBANKNIFTY20-04-2023PE40800.00,13643,5481,67.15265866209262,155553,16.05,25.25,-56.3,-69.03740036787246,55425,24200,150,24.6,25,24.85,42132.55
0,CE,40900,20-Apr-2023,BANKNIFTY,OPTIDXBANKNIFTY20-04-2023CE40900.00,605,-356,-37.04474505723205,2345,0.0,1278.15,507.70000000000005,65.89655396197028,6050,6050,125,1278.0,200,1286.0,42132.55
0,PE,40900,20-Apr-2023,BANKNIFTY,OPTIDXBANKNIFTY20-04-2023PE40900.00,11535,6310,120.76555023923444,114603,15.65,29.9,-66.85,-69.09560723514211,51325,16125,350,28.2,200,28.85,42132.55
0,CE,41000,20-Apr-2023,BANKNIFTY,OPTIDXBANKNIFTY20-04-2023CE41000.00,12989,3348,34.72668810289389,36393,0.0,1181.65,497.80000000000007,72.79374131754041,29975,9750,25,1183.0,25,1186.45,42132.55
0,PE,41000,20-Apr-2023,BANKNIFTY,OPTIDXBANKNIFTY20-04-2023PE41000.00,61009,36137,145.29189449983917,422934,15.22,34.7,-79.85,-69.7075512876473,94375,86825,875,33.0,75,33.35,42132.55
0,CE,41100,20-Apr-2023,BANKNIFTY,OPTIDXBANKNIFTY20-04-2023CE41100.00,960,-637,-39.88728866624922,11063,0.0,1093.0,482.29999999999995,78.97494678238087,6075,5225,75,1086.75,725,1093.0,42132.55
0,PE,41100,20-Apr-2023,BANKNIFTY,OPTIDXBANKNIFTY20-04-2023PE41100.00,11065,6193,127.11412151067323,117850,14.8,38.5,-97.25,-71.63904235727439,62650,25250,100,38.25,75,38.4,42132.55
0,CE,41200,20-Apr-2023,BANKNIFTY,OPTIDXBANKNIFTY20-04-2023CE41200.00,2383,-502,-17.400346620450605,19733,0.0,993.0,461.15,86.70677822694368,8400,4900,100,994.0,125,1001.6,42132.55
0,PE,41200,20-Apr-2023,BANKNIFTY,OPTIDXBANKNIFTY20-04-2023PE41200.00,21079,9521,82.37584357155217,199055,13.95,44.6,-114.95000000000002,-72.04638044500157,56100,29950,100,42.8,50,45.0,42132.55
0,CE,41300,20-Apr-2023,BANKNIFTY,OPTIDXBANKNIFTY20-04-2023CE41300.00,2602,-3203,-55.176571920757965,37023,0.0,903.7,443.90000000000003,96.54197477163984,10325,7150,100,902.55,25,908.7,42132.55
0,PE,41300,20-Apr-2023,BANKNIFTY,OPTIDXBANKNIFTY20-04-2023PE41300.00,22694,12406,120.58709175738724,205607,14.05,53.0,-136.5,-72.0316622691293,55275,62925,200,51.2,2600,53.0,42132.55
0,CE,41400,20-Apr-2023,BANKNIFTY,OPTIDXBANKNIFTY20-04-2023CE41400.00,3229,-3829,-54.250495891187306,59788,6.7,814.4,418.4,105.65656565656565,8875,5200,100,813.95,200,819.95,42132.55
0,PE,41400,20-Apr-2023,BANKNIFTY,OPTIDXBANKNIFTY20-04-2023PE41400.00,17826,6399,55.99894985560515,192282,13.74,64.0,-162.05,-71.6876797168768,25350,49425,25,63.25,100,63.45,42132.55
0,CE,41500,20-Apr-2023,BANKNIFTY,OPTIDXBANKNIFTY20-04-2023CE41500.00,20829,-2941,-12.37273874631889,326314,8.58,727.0,391.8,116.8854415274463,24050,11550,75,727.45,25,729.05,42132.55
0,PE,41500,20-Apr-2023,BANKNIFTY,OPTIDXBANKNIFTY20-04-2023PE41500.00,53055,29238,122.76105302934879,547874,13.44,77.0,-188.64999999999998,-71.01449275362319,36575,126175,600,75.85,150,76.1,42132.55
0,CE,41600,20-Apr-2023,BANKNIFTY,OPTIDXBANKNIFTY20-04-2023CE41600.00,8015,-4767,-37.29463307776561,272772,9.25,641.75,359.65,127.49025168380005,14650,5650,250,646.05,400,648.95,42132.55
0,PE,41600,20-Apr-2023,BANKNIFTY,OPTIDXBANKNIFTY20-04-2023PE41600.00,32428,25096,342.28041462084013,356306,13.17,91.5,-216.5,-70.29220779220779,17250,94675,400,91.1,250,91.35,42132.55
0,CE,41700,20-Apr-2023,BANKNIFTY,OPTIDXBANKNIFTY20-04-2023CE41700.00,13650,3250,31.25,407560,9.51,565.0,330.95,141.40140995513778,12450,6125,50,565.0,450,567.45,42132.55
0,PE,41700,20-Apr-2023,BANKNIFTY,OPTIDXBANKNIFTY20-04-2023PE41700.00,31806,29395,1219.2036499377853,412232,12.98,111.8,-251.89999999999998,-69.26037943359911,47150,108850,125,111.05,700,111.4,42132.55
0,CE,41800,20-Apr-2023,BANKNIFTY,OPTIDXBANKNIFTY20-04-2023CE41800.00,18743,10513,127.73997569866343,360147,9.8,496.0,303.6,157.7962577962578,26250,10850,400,490.8,225,493.0,42132.55
0,PE,41800,20-Apr-2023,BANKNIFTY,OPTIDXBANKNIFTY20-04-2023PE41800.00,28489,26910,1704.2431918936036,318748,12.81,135.0,-284.9,-67.84948797332699,32800,97900,100,135.0,50,135.5,42132.55
0,CE,41900,20-Apr-2023,BANKNIFTY,OPTIDXBANKNIFTY20-04-2023CE41900.00,12789,8358,188.62559241706163,248504,9.99,417.0,262.2,169.3798449612403,19900,13625,75,419.75,100,420.9,42132.55
0,PE,41900,20-Apr-2023,BANKNIFTY,OPTIDXBANKNIFTY20-04-2023PE41900.00,17751,17420,5262.8398791540785,179686,12.72,161.05,-324.3,-66.81776037910787,33150,60675,50,164.7,450,165.0,42132.55
0,CE,42000,20-Apr-2023,BANKNIFTY,OPTIDXBANKNIFTY20-04-2023CE42000.00,51183,29557,136.6734486266531,697152,9.95,351.0,228.0,185.3658536585366,236150,50850,325,353.0,425,353.95,42132.55
0,PE,42000,20-Apr-2023,BANKNIFTY,OPTIDXBANKNIFTY20-04-2023PE42000.00,53272,50825,2077.033101757254,353037,12.6,197.55,-353.40000000000003,-64.14375170160632,71925,148450,125,198.0,50,198.35,42132.55
0,CE,42100,20-Apr-2023,BANKNIFTY,OPTIDXBANKNIFTY20-04-2023CE42100.00,21489,15589,264.22033898305085,297461,10.29,299.95,203.0,209.38628158844764,34425,22800,1150,293.9,775,299.9,42132.55
0,PE,42100,20-Apr-2023,BANKNIFTY,OPTIDXBANKNIFTY20-04-2023PE42100.00,13851,13676,7814.857142857143,92935,12.62,234.75,-386.0,-62.182843334675795,33825,36300,25,239.5,50,240.1,42132.55
0,CE,42200,20-Apr-2023,BANKNIFTY,OPTIDXBANKNIFTY20-04-2023CE42200.00,23432,13399,133.54928735173925,298879,10.13,239.55,165.15,221.9758064516129,54150,42575,1200,242.5,400,243.15,42132.55
0,PE,42200,20-Apr-2023,BANKNIFTY,OPTIDXBANKNIFTY20-04-2023PE42200.00,14568,14393,8224.57142857143,81334,12.64,271.0,-425.35,-61.082788827457456,40725,30750,500,286.85,50,287.9,42132.55
0,CE,42300,20-Apr-2023,BANKNIFTY,OPTIDXBANKNIFTY20-04-2023CE42300.00,18469,10161,122.303803562831,221684,10.18,195.0,137.35,238.24804856895057,54125,29975,275,196.2,300,196.55,42132.55
0,PE,42300,20-Apr-2023,BANKNIFTY,OPTIDXBANKNIFTY20-04-2023PE42300.00,3375,3296,4172.151898734177,16555,12.61,334.4,-466.45000000000005,-58.244365361803084,8325,12875,25,339.0,25,340.7,42132.55
0,CE,42400,20-Apr-2023,BANKNIFTY,OPTIDXBANKNIFTY20-04-2023CE42400.00,13715,8511,163.54727132974634,185874,10.23,157.0,113.7,262.5866050808314,39775,17750,250,157.0,25,159.0,42132.55
0,PE,42400,20-Apr-2023,BANKNIFTY,OPTIDXBANKNIFTY20-04-2023PE42400.00,1350,1237,1094.6902654867256,6854,12.48,393.75,-467.9,-54.30279115650206,6050,4850,50,389.65,550,402.0,42132.55
0,CE,42500,20-Apr-2023,BANKNIFTY,OPTIDXBANKNIFTY20-04-2023CE42500.00,52478,30169,135.2324174100139,437759,10.26,125.0,91.1,268.73156342182887,64400,54800,2725,123.35,325,124.0,42132.55
0,PE,42500,20-Apr-2023,BANKNIFTY,OPTIDXBANKNIFTY20-04-2023PE42500.00,5410,5017,1276.590330788804,22379,12.87,460.2,-506.45,-52.392282625562515,7700,16700,125,462.5,150,465.05,42132.55
0,CE,42600,20-Apr-2023,BANKNIFTY,OPTIDXBANKNIFTY20-04-2023CE42600.00,17801,7532,73.34696659850034,177608,10.28,97.45,72.45,289.8,47875,25950,1175,95.1,1000,95.5,42132.55
0,PE,42600,20-Apr-2023,BANKNIFTY,OPTIDXBANKNIFTY20-04-2023PE42600.00,1675,1653,7513.636363636364,3304,12.96,536.95,-553.05,-50.73853211009174,4325,3825,100,533.0,100,537.85,42132.55
0,CE,42700,20-Apr-2023,BANKNIFTY,OPTIDXBANKNIFTY20-04-2023CE42700.00,13499,2361,21.19770156221943,188376,10.38,74.0,55.5,300.0,48325,22350,25,73.4,125,73.55,42132.55
0,PE,42700,20-Apr-2023,BANKNIFTY,OPTIDXBANKNIFTY20-04-2023PE42700.00,759,566,293.2642487046632,2062,13.61,607.95,-532.25,-46.680406946149795,7575,5100,25,610.7,100,617.05,42132.55
0,CE,42800,20-Apr-2023,BANKNIFTY,OPTIDXBANKNIFTY20-04-2023CE42800.00,12113,9733,408.9495798319328,126694,10.43,55.2,40.050000000000004,264.3564356435644,56950,6625,75,55.6,375,56.3,42132.55
0,PE,42800,20-Apr-2023,BANKNIFTY,OPTIDXBANKNIFTY20-04-2023PE42800.00,260,228,712.5,1091,13.88,695.0,-595.2,-46.13238257634475,4575,4725,150,698.25,25,701.9,42132.55
0,CE,42900,20-Apr-2023,BANKNIFTY,OPTIDXBANKNIFTY20-04-2023CE42900.00,9231,6548,244.05516213194187,98414,10.65,44.0,32.05,268.2008368200837,59750,10200,150,43.3,25,43.45,42132.55
0,PE,42900,20-Apr-2023,BANKNIFTY,OPTIDXBANKNIFTY20-04-2023PE42900.00,157,156,15600.0,328,14.4,785.4,-563.6,-41.779095626389925,24375,2475,750,705.15,75,791.4,42132.55
0,CE,43000,20-Apr-2023,BANKNIFTY,OPTIDXBANKNIFTY20-04-2023CE43000.00,55024,39476,253.89760740931308,363407,10.96,35.0,24.55,234.9282296650718,105850,58125,25,33.6,25,35.0,42132.55
0,PE,43000,20-Apr-2023,BANKNIFTY,OPTIDXBANKNIFTY20-04-2023PE43000.00,3005,2518,517.0431211498973,5271,15.11,879.95,-537.95,-37.93991113618732,28100,7925,100,873.15,125,877.3,42132.55
0,CE,43100,20-Apr-2023,BANKNIFTY,OPTIDXBANKNIFTY20-04-2023CE43100.00,6445,5095,377.4074074074074,71015,11.07,26.95,18.2,208.0,61450,5700,75,26.05,175,26.35,42132.55
0,PE,43100,20-Apr-2023,BANKNIFTY,OPTIDXBANKNIFTY20-04-2023PE43100.00,5,4,400.0,5,15.91,971.8,-600.1000000000001,-38.17672879954196,24375,6525,175,966.3,200,1017.1,42132.55
0,CE,43200,20-Apr-2023,BANKNIFTY,OPTIDXBANKNIFTY20-04-2023CE43200.00,8210,7387,897.5698663426489,87855,11.33,20.85,13.200000000000001,172.54901960784315,74475,8675,175,20.2,875,20.85,42132.55
0,PE,43200,20-Apr-2023,BANKNIFTY,OPTIDXBANKNIFTY20-04-2023PE43200.00,1,1,0.0,1,26.7,1240.0,-2288.8,-64.86057583314442,23675,3650,125,1049.0,75,1067.65,42132.55
0,CE,43300,20-Apr-2023,BANKNIFTY,OPTIDXBANKNIFTY20-04-2023CE43300.00,5944,5944,0.0,43108,11.55,16.3,-176.89999999999998,-91.5631469979296,69025,3175,25,16.0,50,16.8,42132.55
0,PE,43300,20-Apr-2023,BANKNIFTY,OPTIDXBANKNIFTY20-04-2023PE43300.00,1,1,0.0,1,13.87,1120.0,-2495.85,-69.02526376923821,23650,2675,225,1149.9,25,1162.95,42132.55
0,CE,43400,20-Apr-2023,BANKNIFTY,OPTIDXBANKNIFTY20-04-2023CE43400.00,6921,6170,821.5712383488682,64805,11.94,13.05,7.200000000000001,123.07692307692311,69625,9925,100,13.65,100,13.75,42132.55
0,PE,43400,20-Apr-2023,BANKNIFTY,OPTIDXBANKNIFTY20-04-2023PE43400.00,2,2,0.0,3,17.1,1244.5,-2459.05,-66.39710547987741,4725,4350,25,1244.55,2075,1309.4,42132.55
0,CE,43500,20-Apr-2023,BANKNIFTY,OPTIDXBANKNIFTY20-04-2023CE43500.00,62519,55380,775.7388990054629,256476,12.21,11.0,5.85,113.59223300970874,252650,20475,64400,11.0,150,11.25,42132.55
0,PE,43500,20-Apr-2023,BANKNIFTY,OPTIDXBANKNIFTY20-04-2023PE43500.00,381,381,0.0,650,18.57,1350.0,-2857.8999999999996,-67.91748853347275,5050,5025,25,1262.45,2675,1365.85,42132.55
0,CE,43600,20-Apr-2023,BANKNIFTY,OPTIDXBANKNIFTY20-04-2023CE43600.00,9597,9597,0.0,44572,12.35,8.3,-151.64999999999998,-94.81087839949983,73300,16400,875,7.9,900,8.8,42132.55
0,PE,43600,20-Apr-2023,BANKNIFTY,OPTIDXBANKNIFTY20-04-2023PE43600.00,4,4,0.0,4,19.99,1455.0,-2425.65,-62.506281164237954,3875,3125,750,1399.3,400,1465.55,42132.55
0,CE,43700,20-Apr-2023,BANKNIFTY,OPTIDXBANKNIFTY20-04-2023CE43700.00,94,94,0.0,587,13.25,9.0,-153.9,-94.47513812154696,44800,6350,75,4.15,675,8.95,42132.55
0,PE,43700,20-Apr-2023,BANKNIFTY,OPTIDXBANKNIFTY20-04-2023PE43700.00,0,0,0.0,0,0.0,0.0,0.0,0.0,3325,3500,125,1505.25,125,1611.15,42132.55
0,CE,43800,20-Apr-2023,BANKNIFTY,OPTIDXBANKNIFTY20-04-2023CE43800.00,542,542,0.0,4507,13.17,6.35,-146.15,-95.8360655737705,56175,5975,100,6.4,25,6.45,42132.55
0,PE,43800,20-Apr-2023,BANKNIFTY,OPTIDXBANKNIFTY20-04-2023PE43800.00,0,0,0.0,0,0.0,0.0,0.0,0.0,3375,4250,750,1572.05,750,1737.5,42132.55
0,CE,43900,20-Apr-2023,BANKNIFTY,OPTIDXBANKNIFTY20-04-2023CE43900.00,0,0,0.0,0,0.0,0.0,0.0,0.0,20000,2325,900,3.35,1000,28.45,42132.55
0,PE,43900,20-Apr-2023,BANKNIFTY,OPTIDXBANKNIFTY20-04-2023PE43900.00,0,0,0.0,0,0.0,0.0,0.0,0.0,1250,2125,750,1563.25,750,1869.2,42132.55
0,CE,44000,20-Apr-2023,BANKNIFTY,OPTIDXBANKNIFTY20-04-2023CE44000.00,41829,38944,1349.8786828422876,145732,14.18,5.2,1.35,35.064935064935064,314700,21700,83825,5.2,50,5.3,42132.55
0,PE,44000,20-Apr-2023,BANKNIFTY,OPTIDXBANKNIFTY20-04-2023PE44000.00,123,43,53.75,224,23.46,1850.15,-709.8499999999999,-27.728515624999993,4600,2675,750,1783.1,100,1850.15,42132.55
0,CE,44100,20-Apr-2023,BANKNIFTY,OPTIDXBANKNIFTY20-04-2023CE44100.00,1329,1329,0.0,3680,13.9,3.05,-81.25,-96.38196915776987,36025,5450,50,3.25,175,3.8,42132.55
0,PE,44100,20-Apr-2023,BANKNIFTY,OPTIDXBANKNIFTY20-04-2023PE44100.00,0,0,0.0,0,0.0,0.0,0.0,0.0,3725,4075,750,1857.35,750,2042.35,42132.55
0,CE,44500,20-Apr-2023,BANKNIFTY,OPTIDXBANKNIFTY20-04-2023CE44500.00,5313,4101,338.36633663366337,55895,16.33,3.35,-0.10000000000000009,-2.898550724637684,228275,19600,175,3.2,2425,3.25,42132.55
0,PE,44500,20-Apr-2023,BANKNIFTY,OPTIDXBANKNIFTY20-04-2023PE44500.00,0,0,0.0,0,0.0,0.0,0.0,0.0,3475,3975,750,2249.75,750,2427.5,42132.55
0,CE,45000,20-Apr-2023,BANKNIFTY,OPTIDXBANKNIFTY20-04-2023CE45000.00,4489,3051,212.16968011126565,30420,18.92,2.6,-0.7999999999999998,-23.529411764705877,281175,10250,2200,2.7,525,2.75,42132.55
0,PE,45000,20-Apr-2023,BANKNIFTY,OPTIDXBANKNIFTY20-04-2023PE45000.00,0,0,0.0,0,0.0,0.0,0.0,0.0,2550,2725,750,2751.3,450,2928.85,42132.55
0,CE,45500,20-Apr-2023,BANKNIFTY,OPTIDXBANKNIFTY20-04-2023CE45500.00,2517,1924,324.45193929173695,14757,21.33,2.1,-1.4499999999999997,-40.84507042253521,173700,12975,800,2.2,2200,2.3,42132.55
0,PE,45500,20-Apr-2023,BANKNIFTY,OPTIDXBANKNIFTY20-04-2023PE45500.00,0,0,0.0,0,0.0,0.0,0.0,0.0,3350,3975,750,3256.45,750,3429.75,42132.55
0,CE,46000,20-Apr-2023,BANKNIFTY,OPTIDXBANKNIFTY20-04-2023CE46000.00,3003,830,38.19604233778187,10633,23.57,1.95,-1.4000000000000001,-41.791044776119406,220475,31950,950,1.85,200,1.95,42132.55
0,PE,46000,20-Apr-2023,BANKNIFTY,OPTIDXBANKNIFTY20-04-2023PE46000.00,0,0,0.0,0,0.0,0.0,0.0,0.0,2150,2325,750,3698.3,150,3846.8,42132.55
0,CE,46500,20-Apr-2023,BANKNIFTY,OPTIDXBANKNIFTY20-04-2023CE46500.00,1698,-10,-0.585480093676815,5718,25.9,1.7,-1.2500000000000002,-42.37288135593221,190650,10975,9850,1.65,1950,1.7,42132.55
0,PE,46500,20-Apr-2023,BANKNIFTY,OPTIDXBANKNIFTY20-04-2023PE46500.00,0,0,0.0,0,0.0,0.0,0.0,0.0,2875,3575,900,4259.15,750,4444.9,42132.55
0,CE,47000,20-Apr-2023,BANKNIFTY,OPTIDXBANKNIFTY20-04-2023CE47000.00,2415,1287,114.09574468085107,6441,28.44,1.55,-1.2499999999999998,-44.64285714285714,237975,17250,875,1.55,1825,1.7,42132.55
0,PE,47000,20-Apr-2023,BANKNIFTY,OPTIDXBANKNIFTY20-04-2023PE47000.00,0,0,0.0,0,0.0,0.0,0.0,0.0,2750,2675,900,4732.2,75,4920.4,42132.55
0,CE,47500,20-Apr-2023,BANKNIFTY,OPTIDXBANKNIFTY20-04-2023CE47500.00,790,790,0.0,862,30.94,1.7,-6.3,-78.75,164900,64900,1800,1.55,10350,1.7,42132.55
0,PE,47500,20-Apr-2023,BANKNIFTY,OPTIDXBANKNIFTY20-04-2023PE47500.00,0,0,0.0,0,0.0,0.0,0.0,0.0,1500,2375,825,5145.3,1250,5573.75,42132.55
